<?xml version="1.0" encoding="UTF-8"?>
<!--
~  Copyright (c) 2016, WSO2 Inc. (http://wso2.com) All Rights Reserved.
~
~  WSO2 Inc. licenses this file to you under the Apache License,
~  Version 2.0 (the "License"); you may not use this file except
~  in compliance with the License.
~  You may obtain a copy of the License at
~
~   http://www.apache.org/licenses/LICENSE-2.0
~
~  Unless required by applicable law or agreed to in writing,
~  software distributed under the License is distributed on an
~  "AS IS" BASIS, WITHOUT WARRANTIES OR CONDITIONS OF ANY
~  KIND, either express or implied.  See the License for the
~  specific language governing permissions and limitations
~  under the License.
-->
<template name="postNotes" xmlns="http://ws.apache.org/ns/synapse">
    <!-- Required parameters -->
    <parameter name="personId" description=""/>
    <parameter name="subject" description=""/>
    <parameter name="body" description=""/>
    <parameter name="isHtml" description=""/>
      <sequence>
        <property name="personId" expression="$func:personId"/>
        <property name="subject" expression="$func:subject"/>
        <property name="body" expression="$func:body"/>
        <property name="isHtml" expression="$func:isHtml"/>
        <script language="js">
            <![CDATA[
            var personId = mc.getProperty('personId');
            var subject = mc.getProperty('subject');
            var body = mc.getProperty('body');
            var isHtml = mc.getProperty('isHtml');

            var payload = mc.getPayloadJSON();
            if (personId != "null" && personId != null && personId != "") {
                payload.personId = personId;
            }
            if (subject != "null" && subject != null && subject != "") {
                payload.subject = subject;
            }
             if (body != "null" && body != null && body != "") {
                payload.body = body;
            }
             if (isHtml != "null" && isHtml != null && isHtml != "") {
                payload.isHtml = isHtml;
            }

            mc.setPayloadJSON(payload);
         ]]>
        </script>
        <call>
            <endpoint>
                <http method="post"
                      uri-template="{uri.var.apiUrl}/{uri.var.apiVersion}/notes"/>
            </endpoint>
        </call>
    </sequence>
</template>

