<?xml version="1.0" encoding="UTF-8"?>
<!--
~  Copyright (c) 2016, WSO2 Inc. (http://wso2.com) All Rights Reserved.
~
~  WSO2 Inc. licenses this file to you under the Apache License,
~  Version 2.0 (the "License"); you may not use this file except
~  in compliance with the License.
~  You may obtain a copy of the License at
~
~   http://www.apache.org/licenses/LICENSE-2.0
~
~  Unless required by applicable law or agreed to in writing,
~  software distributed under the License is distributed on an
~  "AS IS" BASIS, WITHOUT WARRANTIES OR CONDITIONS OF ANY
~  KIND, either express or implied.  See the License for the
~  specific language governing permissions and limitations
~  under the License.
-->
<template name="retrieveTask" xmlns="http://ws.apache.org/ns/synapse">
	<parameter name="resourceId" description="The id of the resource being searched for"/>
    <parameter name="resourceType" description=" The name that you wish to search for."/>
	<parameter name="assignedTo" description="The id of the User which the task is assigned to."/>
    <parameter name="createdBy" description="The id of the User who created the task"/>
	<parameter name="completed" description="Return completed tasks as well"/>
	
   <sequence>
		<property name="resourceId" expression="$func:resourceId"/>
        <property name="resourceType" expression="$func:resourceType"/>
		<property name="assignedTo" expression="$func:assignedTo"/>
        <property name="createdBy" expression="$func:createdBy"/>
		<property name="completed" expression="$func:completed"/>
        <call>
            <endpoint>
                <http method="get"
                      uri-template="{uri.var.apiUrl}/{uri.var.apiVersion}/{uri.var.resourceId}/{uri.var.resourceType}/{uri.var.assignedTo}/{uri.var.createdBy}/{uri.var.completed}/tasks"/>
            </endpoint>
        </call>

    </sequence>
</template>


   


