<?xml version="1.0" encoding="UTF-8"?>
<!--
~  Copyright (c) 2016, WSO2 Inc. (http://wso2.com) All Rights Reserved.
~
~  WSO2 Inc. licenses this file to you under the Apache License,
~  Version 2.0 (the "License"); you may not use this file except
~  in compliance with the License.
~  You may obtain a copy of the License at
~
~   http://www.apache.org/licenses/LICENSE-2.0
~
~  Unless required by applicable law or agreed to in writing,
~  software distributed under the License is distributed on an
~  "AS IS" BASIS, WITHOUT WARRANTIES OR CONDITIONS OF ANY
~  KIND, either express or implied.  See the License for the
~  specific language governing permissions and limitations
~  under the License.
-->
<component name="Boxes" type="synapse/template">
    <subComponents>
        <component name="getBox">
            <file>getBox.xml</file>
            <description>get boxes for pipelines</description>
        </component>
        <component name="createBox">
            <file>createBox.xml</file>
            <description>create boxes for pipelines</description>
        </component>
        <component name="editBox">
            <file>editBox.xml</file>
            <description>edit boxes for pipelines</description>
        </component>
        <component name="getBoxInPipeline">
            <file>getBoxInPipeline.xml</file>
            <description>get boxes in particular pipeline</description>
        </component>
    </subComponents>

</component>
