<?xml version="1.0" encoding="UTF-8"?>
<!--
~  Copyright (c) 2016, WSO2 Inc. (http://wso2.com) All Rights Reserved.
~
~  WSO2 Inc. licenses this file to you under the Apache License,
~  Version 2.0 (the "License"); you may not use this file except
~  in compliance with the License.
~  You may obtain a copy of the License at
~
~   http://www.apache.org/licenses/LICENSE-2.0
~
~  Unless required by applicable law or agreed to in writing,
~  software distributed under the License is distributed on an
~  "AS IS" BASIS, WITHOUT WARRANTIES OR CONDITIONS OF ANY
~  KIND, either express or implied.  See the License for the
~  specific language governing permissions and limitations
~  under the License.
-->
<template name="createBox" xmlns="http://ws.apache.org/ns/synapse">
    <!-- Required parameters -->

    <parameter name="name" description=""/>


        <sequence>
        <property name="uri.var.streak.name" expression="$func:name"/>


        <script language="js">
        <![CDATA[
            var name = mc.getProperty('uri.var.streak.name');

             var payload = mc.getPayloadJSON();

            if (name != "null" && name != null && name != "") {
                payload.name = name;
            }

            mc.setPayloadJSON(payload);
         ]]>
        </script>

        <call>
            <endpoint>
                <http method="put"
                      uri-template="{uri.var.apiUrl}/api/{uri.var.apiVersion}/pipelines/{uri.var.pipelineKey}/boxes?name={uri.var.streak.name}"/>
            </endpoint>
        </call>

    </sequence>
</template>

