<?xml version="1.0" encoding="UTF-8"?>
<!--
~  Copyright (c) 2016, WSO2 Inc. (http://wso2.com) All Rights Reserved.
~
~  WSO2 Inc. licenses this file to you under the Apache License,
~  Version 2.0 (the "License"); you may not use this file except
~  in compliance with the License.
~  You may obtain a copy of the License at
~
~   http://www.apache.org/licenses/LICENSE-2.0
~
~  Unless required by applicable law or agreed to in writing,
~  software distributed under the License is distributed on an
~  "AS IS" BASIS, WITHOUT WARRANTIES OR CONDITIONS OF ANY
~  KIND, either express or implied.  See the License for the
~  specific language governing permissions and limitations
~  under the License.
-->
<template name="createTask" xmlns="http://ws.apache.org/ns/synapse">
    <!-- Required parameters -->

    <parameter name="dueDate" description=""/>
    <parameter name="text" description=""/>

    <sequence>
        <property name="dueDate" expression="$func:dueDate"/>
        <property name="text" expression="$func:text"/>

        <script language="js">
            <![CDATA[
            var dueDate = mc.getProperty('uri.var.streak.dueDate');
            var text = mc.getProperty('uri.var.streak.text');
             var payload = mc.getPayloadJSON();

            if (dueDate != "null" && dueDate != null && dueDate != "") {
                payload.dueDate = dueDate;
            }
             if (text != "null" && text != null && text != "") {
                payload.text = text;
            }
            mc.setPayloadJSON(payload);
         ]]>
        </script>

        <call>
            <endpoint>
                <http method="post"
                      uri-template="{uri.var.apiUrl}/api/{uri.var.apiVersion}/boxes/{uri.var.boxKey}/tasks"/>
            </endpoint>
        </call>

    </sequence>
</template>

