<?xml version="1.0" encoding="UTF-8"?>
<!--
~  Copyright (c) 2016, WSO2 Inc. (http://wso2.com) All Rights Reserved.
~
~  WSO2 Inc. licenses this file to you under the Apache License,
~  Version 2.0 (the "License"); you may not use this file except
~  in compliance with the License.
~  You may obtain a copy of the License at
~
~   http://www.apache.org/licenses/LICENSE-2.0
~
~  Unless required by applicable law or agreed to in writing,
~  software distributed under the License is distributed on an
~  "AS IS" BASIS, WITHOUT WARRANTIES OR CONDITIONS OF ANY
~  KIND, either express or implied.  See the License for the
~  specific language governing permissions and limitations
~  under the License.
-->
<component name="events" type="synapse/template">
    <subComponents>
        <component name="fetchEvent">
            <file>fetchEvent.xml</file>
            <description>This method helps to fetch all of the events that are accessible by the user. </description>
        </component>
		<component name="retrieveEvent">
            <file>retrieveEvent.xml</file>
            <description>This method helps to fetch all of the events that are accessible by the user. </description>
        </component>
		<component name="createEvent">
            <file>createEvent.xml</file>
            <description>This method helps to create a new event that is accessible by the user. </description>
        </component>
		<component name="fetchEventById">
            <file>fetchEventById.xml</file>
            <description>This method helps to retrieve a specific event using it unique identifier.. </description>
        </component>
		<component name="updateEventById">
            <file>updateEventById.xml</file>
            <description>This method helps to Update a existing event with new properties, these properties will be saved to the database and the new event will be returned. </description>
        </component>
		<component name="deleteEventById">
            <file>deleteEventById.xml</file>
            <description>This method helps to delete a existing event . </description>
        </component>
    </subComponents>
</component>
