<?xml version="1.0" encoding="UTF-8"?>
<!--
   Copyright (c) 2016, WSO2 Inc. (http://www.wso2.org) All Rights Reserved.
   WSO2 Inc. licenses this file to you under the Apache License,
   Version 2.0 (the "License"); you may not use this file except
   in compliance with the License.
   You may obtain a copy of the License at
   http://www.apache.org/licenses/LICENSE-2.0
   Unless required by applicable law or agreed to in writing,
   software distributed under the License is distributed on an
   "AS IS" BASIS, WITHOUT WARRANTIES OR CONDITIONS OF ANY
   KIND, either express or implied.  See the License for the
   specific language governing permissions and limitations
   under the License.
-->
<template name="createContact" xmlns="http://ws.apache.org/ns/synapse">
    <parameter name="firstName" description="The first name of the Contact"/>
	<parameter name="lastName" description="The last name of the Contact"/>
    <sequence>
        <property name="firstName" expression="$func:firstName"/>
		<property name="lastName" expression="$func:lastName"/>
        <payloadFactory media-type="json">
            <format>
                {

                }
            </format>

        </payloadFactory>
        <script language="js">
            <![CDATA[
            var firstName = mc.getProperty('firstName');
			var lastName = mc.getProperty('lastName');

            var payload = mc.getPayloadJSON();

            if (firstName != "null" && firstName != null && firstName != "")
			{
                payload.first_name = firstName;
            }
			if (lastName != "null" && lastName != null && lastName != "")
			{
                payload.last_name = lastName;
            }

            mc.setPayloadJSON(payload);
            ]]>
        </script>

        <call>
            <endpoint>
                <http method="post"
                      uri-template="{uri.var.apiUrl}/{uri.var.apiVersion}/contacts"/>
            </endpoint>
        </call>
    </sequence>
</template>