<?xml version="1.0" encoding="UTF-8"?>
<!--
~  Copyright (c) 2016, WSO2 Inc. (http://wso2.com) All Rights Reserved.
~
~  WSO2 Inc. licenses this file to you under the Apache License,
~  Version 2.0 (the "License"); you may not use this file except
~  in compliance with the License.
~  You may obtain a copy of the License at
~
~   http://www.apache.org/licenses/LICENSE-2.0
~
~  Unless required by applicable law or agreed to in writing,
~  software distributed under the License is distributed on an
~  "AS IS" BASIS, WITHOUT WARRANTIES OR CONDITIONS OF ANY
~  KIND, either express or implied.  See the License for the
~  specific language governing permissions and limitations
~  under the License.
-->
<template name="updateContactById" xmlns="http://ws.apache.org/ns/synapse">
	<parameter name="contactId" description="The id of the contact to be updated"/>
	<parameter name="firstName" description="The firstName of the contact to be updated"/>
   <sequence>
		<property name="uri.var.contactId" expression="$func:contactId"/>
		<property name="uri.var.firstName" expression="$func:firstName"/>
       <payloadFactory media-type="json">
           <format>
               {

               }
           </format>

       </payloadFactory>
		<script language="js">
        <![CDATA[
            var firstName = mc.getProperty('uri.var.firstName');
            
             var payload = mc.getPayloadJSON();

            if (firstName != "null" && firstName != null && firstName != "") 
			{
                payload.first_name = firstName;
            }
             
            mc.setPayloadJSON(payload);
         ]]>
        </script>

        <call>
            <endpoint>
                <http method="put"
                      uri-template="{uri.var.apiUrl}/{uri.var.apiVersion}/contacts/{uri.var.contactId}"/>
            </endpoint>
        </call>

    </sequence>
</template>
