<?xml version="1.0" encoding="UTF-8"?>
<!--
~  Copyright (c) 2016, WSO2 Inc. (http://wso2.com) All Rights Reserved.
~
~  WSO2 Inc. licenses this file to you under the Apache License,
~  Version 2.0 (the "License"); you may not use this file except
~  in compliance with the License.
~  You may obtain a copy of the License at
~
~   http://www.apache.org/licenses/LICENSE-2.0
~
~  Unless required by applicable law or agreed to in writing,
~  software distributed under the License is distributed on an
~  "AS IS" BASIS, WITHOUT WARRANTIES OR CONDITIONS OF ANY
~  KIND, either express or implied.  See the License for the
~  specific language governing permissions and limitations
~  under the License.
-->
<component name="People" type="synapse/template">
    <subComponents>
        <component name="getPeople">
            <file>getPeople.xml</file>
            <description>Search for contacts</description>
        </component>
		<!-- 
		<component name="postPeople">
            <file>postPeople.xml</file>
            <description>Manually add a new contact</description>
        </component>

		<component name="getPeopleId">
            <file>getPeopleId.xml</file>
            <description>Retrieve a contact by id</description>
        </component>
		
		<component name="putPeopleId">
            <file>putPeopleId.xml</file>
            <description>Update a contact</description>
        </component>
		
		<component name="deletePeopleId">
            <file>deletePeopleId.xml</file>
            <description>Delete a contact</description>
        </component> -->
    </subComponents>
</component>
