<?xml version="1.0" encoding="UTF-8"?>
<!--
   Copyright (c) 2016, WSO2 Inc. (http://www.wso2.org) All Rights Reserved.

   WSO2 Inc. licenses this file to you under the Apache License,
   Version 2.0 (the "License"); you may not use this file except
   in compliance with the License.
   You may obtain a copy of the License at

   http://www.apache.org/licenses/LICENSE-2.0

   Unless required by applicable law or agreed to in writing,
   software distributed under the License is distributed on an
   "AS IS" BASIS, WITHOUT WARRANTIES OR CONDITIONS OF ANY
   KIND, either express or implied. See the License for the
   specific language governing permissions and limitations
   under the License.
-->
<template name="init" xmlns="http://ws.apache.org/ns/synapse">
<parameter name="apiUrl" description="The URL of the streak API"/>
<parameter name="userName" description="The API Key for the streak account."/>
<parameter name="apiVersion" description="The streak request version."/>
	<parameter name="pipelineKey" description="User's name"/>
	<parameter name="userKey" description="User's key"/>
	<parameter name="boxKey" description="box key for the box"/>
	<parameter name="fieldKey" description="box key for the box"/>
	<parameter name="stageKey" description="stage key for the box"/>
	<parameter name="taskKey" description="task key for the box"/>



	<sequence>
	<property name="uri.var.apiUrl" expression="$func:apiUrl" scope="default" type="STRING"/>
	<property name="uri.var.apiVersion" expression="$func:apiVersion"/>
	<property name="uri.var.userName" expression="$func:userName"/>
	<property name="uri.var.pipelineKey" expression="$func:pipelineKey"/>
	<property name="uri.var.userKey" expression="$func:userKey"/>
	<property name="uri.var.boxKey" expression="$func:boxKey"/>
		<property name="uri.var.taskKey" expression="$func:taskKey"/>
		<property name="uri.var.fieldKey" expression="$func:fieldKey"/>
		<property name="uri.var.stageKey" expression="$func:stageKey"/>
	<header name="Authorization"
			expression="fn:concat('Basic ',base64Encode(get-property('uri.var.userName')))" scope="transport"/>
</sequence>

</template>