<?xml version="1.0" encoding="UTF-8"?>
<!--
~  Copyright (c) 2016, WSO2 Inc. (http://wso2.com) All Rights Reserved.
~
~  WSO2 Inc. licenses this file to you under the Apache License,
~  Version 2.0 (the "License"); you may not use this file except
~  in compliance with the License.
~  You may obtain a copy of the License at
~
~   http://www.apache.org/licenses/LICENSE-2.0
~
~  Unless required by applicable law or agreed to in writing,
~  software distributed under the License is distributed on an
~  "AS IS" BASIS, WITHOUT WARRANTIES OR CONDITIONS OF ANY
~  KIND, either express or implied.  See the License for the
~  specific language governing permissions and limitations
~  under the License.
-->
<component name="projects" type="synapse/template">
    <subComponents>        
				
		<component name="fetchProject">
            <file>fetchProject.xml</file>
            <description>This method use to retrieve all the contacts existing</description>
        </component>
		
		<component name="fetchProjectById">
            <file>fetchProjectById.xml</file>
            <description>This method use to retrieve all the contacts existing</description>
        </component>
		
		<component name="createProject">
            <file>createProject.xml</file>
            <description>This method use to retrieve all the contacts existing</description>
        </component>
		
		<component name="updateProjectById">
            <file>updateProjectById.xml</file>
            <description>This method use to Update a existing project with new properties, these properties will be saved to the database and the new project will be returned.</description>
        </component>
		
		<component name="deleteProjectById">
            <file>deleteProjectById.xml</file>
            <description>This method use to delete a existing project.</description>
        </component>
		
		
    </subComponents>
</component>
