<?xml version="1.0" encoding="UTF-8"?>
<!--
~  Copyright (c) 2016, WSO2 Inc. (http://wso2.com) All Rights Reserved.
~
~  WSO2 Inc. licenses this file to you under the Apache License,
~  Version 2.0 (the "License"); you may not use this file except
~  in compliance with the License.
~  You may obtain a copy of the License at
~
~   http://www.apache.org/licenses/LICENSE-2.0
~
~  Unless required by applicable law or agreed to in writing,
~  software distributed under the License is distributed on an
~  "AS IS" BASIS, WITHOUT WARRANTIES OR CONDITIONS OF ANY
~  KIND, either express or implied.  See the License for the
~  specific language governing permissions and limitations
~  under the License.
-->
<component name="Notes" type="synapse/template">
    <subComponents>
        <component name="getNotes">
            <file>getNotes.xml</file>
            <description>Search for notes</description>
        </component>
		
		<!--<component name="postNotes">-->
            <!--<file>postNotes.xml</file>-->
            <!--<description>Add a note</description>-->
        <!--</component>-->

		<!--<component name="getNotesId">-->
            <!--<file>getNotesId.xml</file>-->
            <!--<description>SRetrieve a note by id</description>-->
        <!--</component>-->
		<!---->
		<!--<component name="putNotesId">-->
            <!--<file>putNotesId.xml</file>-->
            <!--<description>Edit a note</description>-->
        <!--</component>-->
		<!---->
		<!--<component name="deleteNotesId">-->
            <!--<file>deleteNotesId.xml</file>-->
            <!--<description>Delete a note</description>-->
        <!--</component>-->
    </subComponents>
</component>
