<?xml version="1.0" encoding="UTF-8"?>
<!--
~  Copyright (c) 2016, WSO2 Inc. (http://wso2.com) All Rights Reserved.
~
~  WSO2 Inc. licenses this file to you under the Apache License,
~  Version 2.0 (the "License"); you may not use this file except
~  in compliance with the License.
~  You may obtain a copy of the License at
~
~   http://www.apache.org/licenses/LICENSE-2.0
~
~  Unless required by applicable law or agreed to in writing,
~  software distributed under the License is distributed on an
~  "AS IS" BASIS, WITHOUT WARRANTIES OR CONDITIONS OF ANY
~  KIND, either express or implied.  See the License for the
~  specific language governing permissions and limitations
~  under the License.
-->
<component name="Deals" type="synapse/template">
    <subComponents>
        <component name="getDeals">
            <file>getDeals.xml</file>
            <description>Search for deals</description>
        </component>
		
		<!--<component name="postDeals">-->
            <!--<file>postDeals.xml</file>-->
            <!--<description>Add a deal</description>-->
        <!--</component>-->

		<!--<component name="getDealsId">-->
            <!--<file>getDealsId.xml</file>-->
            <!--<description>Retrieve a deal by id</description>-->
        <!--</component>-->
		<!---->
		<!--<component name="putDealsId">-->
            <!--<file>putDealsId.xml</file>-->
            <!--<description>Update a deal</description>-->
        <!--</component>-->
		<!---->
		<!--<component name="deleteDealsId">-->
            <!--<file>deleteDealsId.xml</file>-->
            <!--<description>Delete a deal</description>-->
        <!--</component>-->
    </subComponents>
</component>
