<?xml version="1.0" encoding="UTF-8"?>
<!--
~  Copyright (c) 2016, WSO2 Inc. (http://wso2.com) All Rights Reserved.
~
~  WSO2 Inc. licenses this file to you under the Apache License,
~  Version 2.0 (the "License"); you may not use this file except
~  in compliance with the License.
~  You may obtain a copy of the License at
~
~   http://www.apache.org/licenses/LICENSE-2.0
~
~  Unless required by applicable law or agreed to in writing,
~  software distributed under the License is distributed on an
~  "AS IS" BASIS, WITHOUT WARRANTIES OR CONDITIONS OF ANY
~  KIND, either express or implied.  See the License for the
~  specific language governing permissions and limitations
~  under the License.
-->
<component name="ActionPlans" type="synapse/template">
    <subComponents>
        <component name="getActionPlans">
            <file>getActionPlans.xml</file>
            <description>List or search Action Plans</description>
        </component>
		
		<component name="getActionPlansPeople">
            <file>getActionPlansPeople.xml</file>
            <description>List action plans applied to a particular person, or list people on a particular action plan</description>
        </component>

		<!--<component name="postActionPlansPeople">-->
            <!--<file>postActionPlansPeople.xml</file>-->
            <!--<description>Apply an action plan to a person</description>-->
        <!--</component>-->

		<!--<component name="putActionPlansPeopleId">-->
            <!--<file>putActionPlansPeopleId.xml</file>-->
            <!--<description>Update action plans peopleId</description>-->
        <!--</component>-->
    </subComponents>
</component>
