<?xml version="1.0" encoding="UTF-8"?>
<!--
~  Copyright (c) 2016, WSO2 Inc. (http://wso2.com) All Rights Reserved.
~
~  WSO2 Inc. licenses this file to you under the Apache License,
~  Version 2.0 (the "License"); you may not use this file except
~  in compliance with the License.
~  You may obtain a copy of the License at
~
~   http://www.apache.org/licenses/LICENSE-2.0
~
~  Unless required by applicable law or agreed to in writing,
~  software distributed under the License is distributed on an
~  "AS IS" BASIS, WITHOUT WARRANTIES OR CONDITIONS OF ANY
~  KIND, either express or implied.  See the License for the
~  specific language governing permissions and limitations
~  under the License.
-->
<template name="updateWorkflowSteps" xmlns="http://ws.apache.org/ns/synapse">
	<parameter name="workflowId" description="The id of the workflow which owns the step"/>
	<parameter name="workflowStepId" description="The id of the workflow step"/>
	<parameter name="complete" description="Flag, which if present upon a request, marks step complete"/>
	
   <sequence>
		<property name="uri.var.workflowId" expression="$func:workflowId"/>
		<property name="uri.var.workflowStepId" expression="$func:workflowStepId"/>
		<property name="uri.var.complete" expression="$func:complete"/>
       <payloadFactory media-type="json">
           <format>
               {

               }
           </format>

       </payloadFactory>
		<script language="js">
        <![CDATA[
            var complete = mc.getProperty('uri.var.complete');

             var payload = mc.getPayloadJSON();

            if (complete != "null" && complete != null && complete != "")
			{
                payload.complete = complete;
            }

            mc.setPayloadJSON(payload);
         ]]>
        </script>

        <call>
            <endpoint>
                <http method="put"
                      uri-template="{uri.var.apiUrl}/{uri.var.apiVersion}/workflows/{uri.var.workflowId}/steps/{uri.var.workflowStepId}"/>
            </endpoint>
        </call>
    </sequence>
</template>
