<?xml version="1.0" encoding="UTF-8"?>
<!--
   Copyright (c) 2016, WSO2 Inc. (http://www.wso2.org) All Rights Reserved.
   WSO2 Inc. licenses this file to you under the Apache License,
   Version 2.0 (the "License"); you may not use this file except
   in compliance with the License.
   You may obtain a copy of the License at
   http://www.apache.org/licenses/LICENSE-2.0
   Unless required by applicable law or agreed to in writing,
   software distributed under the License is distributed on an
   "AS IS" BASIS, WITHOUT WARRANTIES OR CONDITIONS OF ANY
   KIND, either express or implied.  See the License for the
   specific language governing permissions and limitations
   under the License.
-->
<template name="createNotes" xmlns="http://ws.apache.org/ns/synapse">
    <parameter name="content" description="The main body of the new StatusUpdate"/>
	<parameter name="linkedTo" description="An array of object that are linked to this StatusUpdate"/>
	<parameter name="visibleTo" description="The user group which is able to view the resource being created"/>
	<parameter name="tags" description="An array of tags that are associated with the StatusUpdate"/>
	
    <sequence>
        <property name="content" expression="$func:content"/>
		<property name="linkedTo" expression="$func:linkedTo"/>
		<property name="visibleTo" expression="$func:visibleTo"/>
		<property name="tags" expression="$func:tags"/>
		
        <payloadFactory media-type="json">
            <format>
                {

                }
            </format>

        </payloadFactory>
        <script language="js">
            <![CDATA[
            var content = mc.getProperty('content');
			var linkedTo = mc.getProperty('linkedTo');
			var visibleTo = mc.getProperty('visibleTo');
			var tags = mc.getProperty('tags');

            var payload = mc.getPayloadJSON();

            if (content != "null" && content != null && content != "")
			{
                payload.content = content;
            }
			if (linkedTo != "null" && linkedTo != null && linkedTo != "")
			{
                payload.linked_to = linkedTo;
            }
			if (visibleTo != "null" && visibleTo != null && visibleTo != "")
			{
                payload.visible_to = visibleTo;
            }
			if (tags != "null" && tags != null && tags != "")
			{
                payload.tags = tags;
            }

            mc.setPayloadJSON(payload);
            ]]>
        </script>

        <call>
            <endpoint>
                <http method="post"
                      uri-template="{uri.var.apiUrl}/{uri.var.apiVersion}/notes"/>
            </endpoint>
        </call>
    </sequence>
</template>