<?xml version="1.0" encoding="UTF-8"?>
<!--
~  Copyright (c) 2016, WSO2 Inc. (http://wso2.com) All Rights Reserved.
~
~  WSO2 Inc. licenses this file to you under the Apache License,
~  Version 2.0 (the "License"); you may not use this file except
~  in compliance with the License.
~  You may obtain a copy of the License at
~
~   http://www.apache.org/licenses/LICENSE-2.0
~
~  Unless required by applicable law or agreed to in writing,
~  software distributed under the License is distributed on an
~  "AS IS" BASIS, WITHOUT WARRANTIES OR CONDITIONS OF ANY
~  KIND, either express or implied.  See the License for the
~  specific language governing permissions and limitations
~  under the License.
-->
<template name="postEvents" xmlns="http://ws.apache.org/ns/synapse">
    <!-- Required parameters -->

    <parameter name="source" description=""/>
    <parameter name="system" description=""/>
    <parameter name="type" description=""/>
    <parameter name="message" description=""/>
    <parameter name="firstName" description=""/>
    <parameter name="lastName" description=""/>
    <parameter name="emails" description=""/>
    <parameter name="phones" description=""/>

        <sequence>
        <property name="uri.var.streak.name" expression="$func:name"/>
        <property name="uri.var.streak.description" expression="$func:description"/>

        <script language="js">
        <![CDATA[
            var name = mc.getProperty('uri.var.streak.name');
            var description = mc.getProperty('uri.var.streak.description');
             var payload = mc.getPayloadJSON();

            if (name != "null" && name != null && name != "") {
                payload.name = name;
            }
             if (description != "null" && description != null && description != "") {
                payload.description = description;
            }
            mc.setPayloadJSON(payload);
         ]]>
        </script>

        <call>
            <endpoint>
                <http method="put"
                      uri-template="{uri.var.apiUrl}/api/{uri.var.apiVersion}/pipelines?name={uri.var.streak.name}&amp;description={uri.var.streak.description}{uri.var.streak.description}"/>
            </endpoint>
        </call>

    </sequence>
</template>

