<?xml version="1.0" encoding="UTF-8"?>
<!--
~  Copyright (c) 2016, WSO2 Inc. (http://wso2.com) All Rights Reserved.
~
~  WSO2 Inc. licenses this file to you under the Apache License,
~  Version 2.0 (the "License"); you may not use this file except
~  in compliance with the License.
~  You may obtain a copy of the License at
~
~   http://www.apache.org/licenses/LICENSE-2.0
~
~  Unless required by applicable law or agreed to in writing,
~  software distributed under the License is distributed on an
~  "AS IS" BASIS, WITHOUT WARRANTIES OR CONDITIONS OF ANY
~  KIND, either express or implied.  See the License for the
~  specific language governing permissions and limitations
~  under the License.
-->
<template name="postActionPlansPeople" xmlns="http://ws.apache.org/ns/synapse">
    <!-- Required parameters -->
    <parameter name="personId" description=""/>
    <parameter name="actionPlanId" description=""/>

    <sequence>
        <property name="personId" expression="$func:personId"/>
        <property name="actionPlanId" expression="$func:actionPlanId"/>
        <script language="js">
            <![CDATA[
            var personId = mc.getProperty('personId');
            var actionPlanId = mc.getProperty('actionPlanId');
            var payload = mc.getPayloadJSON();
            if (personId != "null" && personId != null && personId != "") {
                payload.personId = personId;
            }
             if (actionPlanId != "null" && actionPlanId != null && actionPlanId != "") {
                payload.actionPlanId = actionPlanId;
            }
            mc.setPayloadJSON(payload);
         ]]>
        </script>
        <call>
            <endpoint>
                <http method="post"
                      uri-template="{uri.var.apiUrl}/{uri.var.apiVersion}/actionPlansPeople}"/>
            </endpoint>
        </call>
    </sequence>
</template>