<?xml version="1.0" encoding="UTF-8"?>
<!--
~  Copyright (c) 2016, WSO2 Inc. (http://wso2.com) All Rights Reserved.
~
~  WSO2 Inc. licenses this file to you under the Apache License,
~  Version 2.0 (the "License"); you may not use this file except
~  in compliance with the License.
~  You may obtain a copy of the License at
~
~   http://www.apache.org/licenses/LICENSE-2.0
~
~  Unless required by applicable law or agreed to in writing,
~  software distributed under the License is distributed on an
~  "AS IS" BASIS, WITHOUT WARRANTIES OR CONDITIONS OF ANY
~  KIND, either express or implied.  See the License for the
~  specific language governing permissions and limitations
~  under the License.
-->
<component name="Transactions" type="synapse/template">
    <subComponents>
        <component name="getTransactions">
            <file>getTransactions.xml</file>
            <description>A method for getting a filterable list of transactions.</description>
        </component>

        <component name="createTransactions">
            <file>createTransactions.xml</file>
            <description>A method for creating/deleting transactions individually or in batches </description>
        </component>

        <component name="createTransactionsComment">
            <file>addTransactionsComment.xml</file>
            <description>	Method for adding and changing a comment in an existing transaction </description>
        </component>
    </subComponents>
</component>